,start,end,init,vowel,final
0,0.1927437641723356,0.26326530612244897,หว,ั,ด
1,0.37820861678004536,0.46723356009070294,ด,ี,
2,0.5678231292517006,0.643015873015873,คร,ั,บ
3,0.7503854875283447,0.8039909297052155,พ,ี,
4,0.9126077097505669,1.1055102040816327,จ,อ,ม
